{
  "6-0": {
    "K": [
      [
        1798.760123221333,
        0.0,
        1947.1889719803005
      ],
      [
        0.0,
        1790.0624403935456,
        1091.2910152343356
      ],
      [
        0.0,
        0.0,
        1.0
      ]
    ],
    "dist": [
      -0.22790810757437155,
      0.05742602916241426,
      0.0003260017528972984,
      -0.0004790510271406074,
      -0.006848858515389688
    ]
  },
  "6-4": {
    "K": [
      [
        1762.1437691370948,
        0.0,
        1920.8245951241297
      ],
      [
        0.0,
        1756.9669584732744,
        1080.017631095173
      ],
      [
        0.0,
        0.0,
        1.0
      ]
    ],
    "dist": [
      -0.22720968320272303,
      0.05715988453586324,
      0.0005379485210792995,
      -0.0003214269322718336,
      -0.006711051311145895
    ]
  },
  "6-1": {
    "K": [
      [
        1742.9865166718928,
        0.0,
        1931.602714436358
      ],
      [
        0.0,
        1736.611866543006,
        1090.7264165210888
      ],
      [
        0.0,
        0.0,
        1.0
      ]
    ],
    "dist": [
      -0.23333933861576642,
      0.06106956085050866,
      -0.0008803709206918443,
      0.00011886131081741389,
      -0.007501917318222384
    ]
  },
  "6-3": {
    "K": [
      [
        1747.0144020513696,
        0.0,
        1918.5750086510486
      ],
      [
        0.0,
        1740.6172520890123,
        1081.1089038209211
      ],
      [
        0.0,
        0.0,
        1.0
      ]
    ],
    "dist": [
      -0.23165553122588833,
      0.05857118547908281,
      0.0004378604815036244,
      -0.001051869976903119,
      -0.006876371335107199
    ]
  },
  "6-2": {
    "K": [
      [
        1743.5979677383061,
        0.0,
        1920.938718299054
      ],
      [
        0.0,
        1736.8952798060834,
        1075.1275370553965
      ],
      [
        0.0,
        0.0,
        1.0
      ]
    ],
    "dist": [
      -0.2376049912739854,
      0.06423084041172722,
      -0.0008417675443279398,
      -0.00028533826191069186,
      -0.008233843158467462
    ]
  }
}