{
  "6-0": {
      "K": [
        [
          1744.2387603778577,
          0.0,
          1926.9938318896911
        ],
        [
          0.0,
          1744.2387603778577,
          1070.917775112304
        ],
        [
          0.0,
          0.0,
          1.0
        ]
      ],
      "dist": [
          1.3673481437856594,
          0.35603603997985395,
          -0.00036311404289019416,
          -2.159409933747814e-05,
          0.008208813498566043,
          1.648936253386346,
          0.6574949397619236,
          0.050160393643947844,
          0.0,
          0.0,
          0.0,
          0.0,
          0.0,
          0.0
        ]
  },
  "6-4": {
      "K": [
        [
          1744.2387603778577,
          0.0,
          1926.9938318896911
        ],
        [
          0.0,
          1744.2387603778577,
          1070.917775112304
        ],
        [
          0.0,
          0.0,
          1.0
        ]
      ],
      "dist": [
          1.3673481437856594,
          0.35603603997985395,
          -0.00036311404289019416,
          -2.159409933747814e-05,
          0.008208813498566043,
          1.648936253386346,
          0.6574949397619236,
          0.050160393643947844,
          0.0,
          0.0,
          0.0,
          0.0,
          0.0,
          0.0
        ]
  },
  "6-1": {
      "K": [
        [
          1744.2387603778577,
          0.0,
          1926.9938318896911
        ],
        [
          0.0,
          1744.2387603778577,
          1070.917775112304
        ],
        [
          0.0,
          0.0,
          1.0
        ]
      ],
      "dist": [
          1.3673481437856594,
          0.35603603997985395,
          -0.00036311404289019416,
          -2.159409933747814e-05,
          0.008208813498566043,
          1.648936253386346,
          0.6574949397619236,
          0.050160393643947844,
          0.0,
          0.0,
          0.0,
          0.0,
          0.0,
          0.0
        ]
  },
  "6-3": {
      "K": [
        [
          1744.2387603778577,
          0.0,
          1926.9938318896911
        ],
        [
          0.0,
          1744.2387603778577,
          1070.917775112304
        ],
        [
          0.0,
          0.0,
          1.0
        ]
      ],
      "dist": [
          1.3673481437856594,
          0.35603603997985395,
          -0.00036311404289019416,
          -2.159409933747814e-05,
          0.008208813498566043,
          1.648936253386346,
          0.6574949397619236,
          0.050160393643947844,
          0.0,
          0.0,
          0.0,
          0.0,
          0.0,
          0.0
        ]
  },
  "6-2": {
      "K": [
        [
          1744.2387603778577,
          0.0,
          1926.9938318896911
        ],
        [
          0.0,
          1744.2387603778577,
          1070.917775112304
        ],
        [
          0.0,
          0.0,
          1.0
        ]
      ],
      "dist": [
          1.3673481437856594,
          0.35603603997985395,
          -0.00036311404289019416,
          -2.159409933747814e-05,
          0.008208813498566043,
          1.648936253386346,
          0.6574949397619236,
          0.050160393643947844,
          0.0,
          0.0,
          0.0,
          0.0,
          0.0,
          0.0
        ]
  }
}