{
  "6-0": {
    "K": [
      [
        1754.1205210493147,
        0.0,
        1890.0227109636505
      ],
      [
        0.0,
        1761.2517241874368,
        1088.6190323715014
      ],
      [
        0.0,
        0.0,
        1.0
      ]
    ],
    "dist": [
      -0.12932544443731198,
      0.05522007519250701,
      -1.8682993250730234e-05,
      -0.00015915704629391932,
      0.01649681350223039,
      0.14066536457322085,
      -0.029504749968927897,
      0.046455988251473956,
      0.0,
      0.0,
      0.0,
      0.0,
      0.0,
      0.0
    ],
    "K_new": [
      [
        1013.6982788085938,
        0.0,
        1857.6559074117824
      ],
      [
        0.0,
        1024.8853118896484,
        1090.0862047490687
      ],
      [
        0.0,
        0.0,
        1.0
      ]
    ],
    "image_shape": [
      2160,
      3840
    ]
  },
  "6-1": {
    "K": [
      [
        1757.6130604098082,
        0.0,
        1921.872821975394
      ],
      [
        0.0,
        1756.2829705066927,
        1082.8226180053396
      ],
      [
        0.0,
        0.0,
        1.0
      ]
    ],
    "dist": [
      2.055074779269734,
      0.8787469998623461,
      6.890324332593971e-06,
      -0.00015072837358197052,
      0.03538876988387372,
      2.3388850608967946,
      1.379500389388701,
      0.16502509026469958,
      0.0,
      0.0,
      0.0,
      0.0,
      0.0,
      0.0
    ],
    "K_new": [
      [
        1009.3912994384765,
        0.0,
        1917.4819964996877
      ],
      [
        0.0,
        1027.7748474121095,
        1083.3341683443089
      ],
      [
        0.0,
        0.0,
        1.0
      ]
    ],
    "image_shape": [
      2160,
      3840
    ]
  },
  "6-2": {
    "K": [
      [
        1748.5315066867247,
        0.0,
        1915.6066065732903
      ],
      [
        0.0,
        1747.4715006368965,
        1064.8438522694885
      ],
      [
        0.0,
        0.0,
        1.0
      ]
    ],
    "dist": [
      1.5983318706090923,
      0.42432582867188273,
      -2.8795724698456577e-05,
      -0.00015282787836112363,
      0.008767428686734299,
      1.8852560577077675,
      0.7883289951206016,
      0.05752808041770556,
      0.0,
      0.0,
      0.0,
      0.0,
      0.0,
      0.0
    ],
    "K_new": [
      [
        990.8892700195313,
        0.0,
        1904.413007835602
      ],
      [
        0.0,
        1010.0102142333984,
        1058.860139823857
      ],
      [
        0.0,
        0.0,
        1.0
      ]
    ],
    "image_shape": [
      2160,
      3840
    ]
  },
  "6-3": {
    "K": [
      [
        1758.0444761583767,
        0.0,
        1923.5856893236153
      ],
      [
        0.0,
        1757.4406429287935,
        1074.5041152482847
      ],
      [
        0.0,
        0.0,
        1.0
      ]
    ],
    "dist": [
      2.5788004956835158,
      1.5189349468038804,
      7.074026567822895e-05,
      -0.0001908697983290613,
      0.08109151139583295,
      2.8623946263670095,
      2.1776305108134943,
      0.3336984329103835,
      0.0,
      0.0,
      0.0,
      0.0,
      0.0,
      0.0
    ],
    "K_new": [
      [
        1011.1838470458985,
        0.0,
        1919.3728109226502
      ],
      [
        0.0,
        1030.288153076172,
        1073.5062820751132
      ],
      [
        0.0,
        0.0,
        1.0
      ]
    ],
    "image_shape": [
      2160,
      3840
    ]
  },
  "6-4": {
    "K": [
      [
        1755.6882279353786,
        0.0,
        1917.0281022863003
      ],
      [
        0.0,
        1758.0975170109875,
        1074.3361509602628
      ],
      [
        0.0,
        0.0,
        1.0
      ]
    ],
    "dist": [
      3.264333658218661,
      1.3226255551070527,
      3.0200905367649187e-05,
      -0.000170251088864805,
      0.04469317895534488,
      3.554593396054419,
      2.1478318202963713,
      0.22652712789876217,
      0.0,
      0.0,
      0.0,
      0.0,
      0.0,
      0.0
    ],
    "K_new": [
      [
        1006.9119171142578,
        0.0,
        1906.9605028905949
      ],
      [
        0.0,
        1025.2855529785156,
        1072.5597273176863
      ],
      [
        0.0,
        0.0,
        1.0
      ]
    ],
    "image_shape": [
      2160,
      3840
    ]
  },
  "6-5": {
    "K": [
      [
        1755.950562390589,
        0.0,
        1917.6188140003005
      ],
      [
        0.0,
        1757.4566484055101,
        1073.8061593421535
      ],
      [
        0.0,
        0.0,
        1.0
      ]
    ],
    "dist": [
      2.5499921578413063,
      1.058604434675795,
      1.2404919142182306e-05,
      -0.00015813009835873127,
      0.04413717018250773,
      2.8387012982206468,
      1.6861276041101625,
      0.1988897641016628,
      0.0,
      0.0,
      0.0,
      0.0,
      0.0,
      0.0
    ],
    "K_new": [
      [
        1008.9241882324219,
        0.0,
        1908.733587499353
      ],
      [
        0.0,
        1027.5372528076173,
        1071.5927087615808
      ],
      [
        0.0,
        0.0,
        1.0
      ]
    ],
    "image_shape": [
      2160,
      3840
    ]
  }
}